<?xml version="1.0" encoding="UTF-8"?>
<project-private xmlns="http://www.netbeans.org/ns/project-private/1">
    <editor-bookmarks xmlns="http://www.netbeans.org/ns/editor-bookmarks/2" lastBookmarkId="0"/>
    <open-files xmlns="http://www.netbeans.org/ns/projectui-open-files/2">
        <group>
            <file>file:/D:/Tejas%20IT/rsume%20buider/src/Experience.java</file>
            <file>file:/D:/Tejas%20IT/rsume%20buider/src/finalVersionDark.java</file>
            <file>file:/D:/Tejas%20IT/rsume%20buider/src/finalVersionLight.java</file>
            <file>file:/D:/Tejas%20IT/rsume%20buider/src/Choose.java</file>
            <file>file:/D:/Tejas%20IT/rsume%20buider/src/CV2Dark.java</file>
            <file>file:/D:/Tejas%20IT/rsume%20buider/src/PersonalDet.java</file>
            <file>file:/D:/Tejas%20IT/rsume%20buider/src/CV2.java</file>
            <file>file:/D:/Tejas%20IT/rsume%20buider/src/Login.java</file>
            <file>file:/D:/Tejas%20IT/rsume%20buider/src/EducationUI.java</file>
            <file>file:/D:/Tejas%20IT/rsume%20buider/src/ExperienceUI.java</file>
            <file>file:/D:/Tejas%20IT/rsume%20buider/src/Resume.java</file>
            <file>file:/D:/Tejas%20IT/rsume%20buider/src/LandingPage.java</file>
            <file>file:/D:/Tejas%20IT/rsume%20buider/src/PdfTemplate.java</file>
            <file>file:/D:/Tejas%20IT/rsume%20buider/src/SignupUI.java</file>
        </group>
    </open-files>
</project-private>
